{"cameraMode":{"drawMode":0,"name":"Shaded","section":"Shading Mode"},"sceneLighting":true,"audioPlay":false,"sceneViewState":{"showFog":true,"showMaterialUpdate":false,"showSkybox":true,"showFlares":true,"showImageEffects":true,"showParticleSystems":true,"showVisualEffectGraphs":true,"m_FxEnabled":true},"in2DMode":false,"pivot":{"x":-19.34000015258789,"y":-9.360000610351563,"z":-2.000040054321289},"rotation":{"x":0.056983865797519687,"y":-0.10284462571144104,"z":0.005838565528392792,"w":0.9930911660194397},"size":12.124356269836426,"orthographic":false}